{"cameraMode":{"drawMode":0,"name":"Shaded","section":"Shading Mode"},"sceneLighting":false,"audioPlay":false,"sceneViewState":{"m_AlwaysRefresh":false,"showFog":true,"showSkybox":false,"showFlares":true,"showImageEffects":true,"showParticleSystems":true,"showVisualEffectGraphs":true,"m_FxEnabled":true},"in2DMode":false,"pivot":{"x":0.03259209170937538,"y":1.17876136302948,"z":1.1132957935333253},"rotation":{"x":0.0010624242713674903,"y":-0.9945068359375,"z":0.10420550405979157,"w":0.010142267681658268},"size":0.261338472366333,"orthographic":false}